<?xml version="1.0" encoding="utf-8"?>
<!DOCTYPE nta PUBLIC '-//Uppaal Team//DTD Flat System 1.1//EN' 'http://www.it.uu.se/research/group/darts/uppaal/flat-1_2.dtd'>
<nta>
	<declaration>// Place global declarations here.</declaration>
	<template>
		<name x="5" y="5">exponencial</name>
		<declaration>// Place local declarations here.
clock t;</declaration>
		<location id="id0" x="34" y="0">
			<name x="34" y="-34">B</name>
			<urgent/>
		</location>
		<location id="id1" x="-68" y="0">
			<name x="-68" y="-34">A</name>
			<label kind="exponentialrate" x="-76" y="17">1:1</label>
		</location>
		<init ref="id1"/>
		<transition>
			<source ref="id0"/>
			<target ref="id1"/>
			<nail x="-17" y="25"/>
		</transition>
		<transition>
			<source ref="id1"/>
			<target ref="id0"/>
			<nail x="-17" y="-25"/>
		</transition>
	</template>
	<template>
		<name>uniforme</name>
		<declaration>clock t;</declaration>
		<location id="id2" x="68" y="0">
			<name x="58" y="-34">B</name>
			<urgent/>
		</location>
		<location id="id3" x="0" y="0">
			<name x="-10" y="-34">A</name>
			<label kind="invariant" x="-51" y="-8">t&lt;=2</label>
		</location>
		<init ref="id3"/>
		<transition>
			<source ref="id2"/>
			<target ref="id3"/>
			<label kind="assignment" x="8" y="25">t=0</label>
			<nail x="34" y="34"/>
		</transition>
		<transition>
			<source ref="id3"/>
			<target ref="id2"/>
			<nail x="34" y="-34"/>
		</transition>
	</template>
	<template>
		<name>peso</name>
		<declaration>clock t;</declaration>
		<location id="id4" x="-68" y="51">
			<name x="-102" y="42">C</name>
			<label kind="invariant" x="-110" y="25">t&lt;=2</label>
		</location>
		<location id="id5" x="-68" y="-51">
			<name x="-102" y="-59">B</name>
			<label kind="invariant" x="-110" y="-42">t&lt;=2</label>
		</location>
		<location id="id6" x="0" y="0">
			<name x="17" y="-8">A</name>
			<urgent/>
		</location>
		<branchpoint id="id7" x="-68" y="0">
		</branchpoint>
		<init ref="id6"/>
		<transition>
			<source ref="id4"/>
			<target ref="id6"/>
			<label kind="guard" x="-51" y="51">t == 2</label>
			<nail x="0" y="51"/>
		</transition>
		<transition>
			<source ref="id5"/>
			<target ref="id6"/>
			<label kind="guard" x="-51" y="-68">t == 2</label>
			<nail x="0" y="-51"/>
		</transition>
		<transition>
			<source ref="id7"/>
			<target ref="id4"/>
			<label kind="probability" x="-59" y="8">20</label>
		</transition>
		<transition>
			<source ref="id7"/>
			<target ref="id5"/>
			<label kind="probability" x="-59" y="-25">80</label>
		</transition>
		<transition>
			<source ref="id6"/>
			<target ref="id7"/>
			<label kind="assignment" x="-42" y="-17">t=0</label>
		</transition>
	</template>
	<system>system exponencial, uniforme, peso;
    </system>
	<queries>
		<query>
			<formula>E&lt;&gt; exponencial.B
			</formula>
			<comment>
			</comment>
		</query>
		<query>
			<formula>E&lt;&gt; exponencial.A
			</formula>
			<comment>
			</comment>
		</query>
		<query>
			<formula>A[] not deadlock
			</formula>
			<comment>Deadlock
			</comment>
		</query>
		<query>
			<formula>Pr[#&lt;=2] (&lt;&gt; peso.B)
			</formula>
			<comment>Probabilidade de passar por B em duas unidades de tempo 80% conforme modelo
			</comment>
		</query>
		<query>
			<formula>Pr[#&lt;=2] (&lt;&gt; peso.C)
			</formula>
			<comment>
			</comment>
		</query>
		<query>
			<formula>Pr[exponencial.t&lt;=1] ([] exponencial.A)
			</formula>
			<comment>Probabilidade de permanecer em A com tempo igual ou menor que 1.
Como 1 é igual ao TMEF logo o resultado deve ser 100%-63.2%
Considera A funcionando e B falha
			</comment>
		</query>
		<query>
			<formula>Pr[exponencial.t&lt;=1] (&lt;&gt; exponencial.B)</formula>
			<comment>Probabilidade de passar por B em tempo menor ou igual a 1
em dist exponencial é 63.2%
Considera A funcionando e B falha</comment>
		</query>
		<query>
			<formula>Pr[uniforme.t&lt;=1] ([] uniforme.A)
			</formula>
			<comment>Probabilidade de permanecer em A com tempo menor ou igual a 1 
em uma dist uniforme é 50%
			</comment>
		</query>
		<query>
			<formula>Pr[uniforme.t&lt;=1] (&lt;&gt; uniforme.B)
			</formula>
			<comment>Probabilidade de passar por B em tempo menor ou igual a 1 
em uma dist uniforme é 50%
			</comment>
		</query>
	</queries>
</nta>
