<?xml version="1.0" encoding="utf-8"?>
<!DOCTYPE nta PUBLIC '-//Uppaal Team//DTD Flat System 1.1//EN' 'http://www.it.uu.se/research/group/darts/uppaal/flat-1_2.dtd'>
<nta>
	<declaration>// Place global declarations here.
const double MIN = 1E-15;
const int TIME = 1000;

// Place local declarations here.
hybrid clock C = 0.0;
hybrid clock E = 0.0;</declaration>
	<template>
		<name x="5" y="5">problema_1b</name>
		<declaration>

</declaration>
		<location id="id0" x="0" y="0">
			<label kind="invariant" x="-76" y="-25">E'==0 &amp;&amp; 
C'==1</label>
			<label kind="exponentialrate" x="-17" y="17">1:10</label>
		</location>
		<location id="id1" x="136" y="0">
			<label kind="invariant" x="153" y="-17">E'==1 &amp;&amp; 
C'==0</label>
			<label kind="exponentialrate" x="119" y="17">6:10</label>
		</location>
		<init ref="id0"/>
		<transition>
			<source ref="id1"/>
			<target ref="id0"/>
			<nail x="68" y="34"/>
		</transition>
		<transition>
			<source ref="id0"/>
			<target ref="id1"/>
			<nail x="68" y="-34"/>
		</transition>
	</template>
	<template>
		<name>observador</name>
		<declaration>clock t;
hybrid clock val = 0.0;</declaration>
		<location id="id2" x="-153" y="0">
			<label kind="invariant" x="-178" y="17">t&lt;=TIME &amp;&amp;
val'==0</label>
		</location>
		<location id="id3" x="51" y="0">
			<label kind="invariant" x="41" y="17">val'==0</label>
		</location>
		<init ref="id2"/>
		<transition>
			<source ref="id2"/>
			<target ref="id3"/>
			<label kind="guard" x="-110" y="-17">t==TIME</label>
			<label kind="assignment" x="-110" y="0">val=(C/(C+E+MIN))</label>
		</transition>
	</template>
	<system>p1b = problema_1b();
system p1b, observador; //&gt; 0.6/(0.1+0.6) = 0.8571429
</system>
	<queries>
		<query>
			<formula>simulate 10 [#&lt;=TIME] {C, E}</formula>
			<comment></comment>
		</query>
		<query>
			<formula>simulate 10 [#&lt;=TIME] {C/(C+E+1)}</formula>
			<comment></comment>
		</query>
		<query>
			<formula>E[#&lt;=TIME ;10](min:C/(C+E+1))</formula>
			<comment></comment>
		</query>
		<query>
			<formula>E[#&lt;=TIME ;10](max:C/(C+E+1))</formula>
			<comment></comment>
		</query>
		<query>
			<formula>E[#&lt;=TIME ;10000](max:observador.val)</formula>
			<comment></comment>
		</query>
		<query>
			<formula>A[] not deadlock</formula>
			<comment></comment>
		</query>
	</queries>
</nta>
