<?xml version="1.0" encoding="utf-8"?>
<!DOCTYPE nta PUBLIC '-//Uppaal Team//DTD Flat System 1.1//EN' 'http://www.it.uu.se/research/group/darts/uppaal/flat-1_2.dtd'>
<nta>
	<declaration>clock t; //relógio do sistema

const int TIME = 7300;
int[0,5] ss = 5; //contador dos 5 ou nenhum (0) funcionando
broadcast chan fail, rec;
</declaration>
	<template>
		<name>pump</name>
		<parameter>int tf, int tm</parameter>
		<declaration>hybrid clock cost = 0.0;</declaration>
		<location id="id0" x="0" y="0">
			<name x="-17" y="-34">Func</name>
			<label kind="invariant" x="-85" y="-8">cost'==0.0</label>
			<label kind="exponentialrate" x="-17" y="17">tf:100</label>
		</location>
		<location id="id1" x="102" y="0">
			<name x="92" y="-34">NFunc</name>
			<label kind="invariant" x="119" y="-8">cost'==3600.0</label>
			<label kind="exponentialrate" x="93" y="17">tm:100</label>
		</location>
		<init ref="id0"/>
		<transition>
			<source ref="id1"/>
			<target ref="id0"/>
			<label kind="synchronisation" x="42" y="34">rec!</label>
			<nail x="51" y="34"/>
		</transition>
		<transition>
			<source ref="id0"/>
			<target ref="id1"/>
			<label kind="synchronisation" x="42" y="-59">fail!</label>
			<nail x="51" y="-34"/>
		</transition>
	</template>
	<template>
		<name>fabric</name>
		<declaration>hybrid clock cost = 0.0;
</declaration>
		<location id="id2" x="102" y="0">
			<name x="110" y="-42">Stopped</name>
			<label kind="invariant" x="110" y="-59">cost'==250000.0</label>
		</location>
		<location id="id3" x="34" y="0">
			<committed/>
		</location>
		<location id="id4" x="-34" y="0">
			<name x="-102" y="-42">Running</name>
			<label kind="invariant" x="-102" y="-59">cost'==0.0</label>
		</location>
		<init ref="id4"/>
		<transition>
			<source ref="id2"/>
			<target ref="id2"/>
			<label kind="synchronisation" x="144" y="-8">fail?</label>
			<label kind="assignment" x="144" y="8">ss=ss-1</label>
			<nail x="136" y="-17"/>
			<nail x="136" y="25"/>
		</transition>
		<transition>
			<source ref="id4"/>
			<target ref="id4"/>
			<label kind="synchronisation" x="-136" y="-8">rec?</label>
			<label kind="assignment" x="-136" y="8">ss=ss+1</label>
			<nail x="-68" y="-17"/>
			<nail x="-68" y="17"/>
		</transition>
		<transition>
			<source ref="id3"/>
			<target ref="id4"/>
			<label kind="guard" x="-17" y="17">ss&gt;=4</label>
			<nail x="25" y="8"/>
			<nail x="0" y="17"/>
		</transition>
		<transition>
			<source ref="id2"/>
			<target ref="id3"/>
			<label kind="synchronisation" x="51" y="17">rec?</label>
			<label kind="assignment" x="51" y="34">ss=ss+1</label>
			<nail x="68" y="17"/>
		</transition>
		<transition>
			<source ref="id3"/>
			<target ref="id2"/>
			<label kind="guard" x="51" y="-34">ss&lt;4</label>
			<nail x="68" y="-17"/>
		</transition>
		<transition>
			<source ref="id4"/>
			<target ref="id3"/>
			<label kind="synchronisation" x="-17" y="-51">fail?</label>
			<label kind="assignment" x="-17" y="-34">ss=ss-1</label>
			<nail x="0" y="-17"/>
		</transition>
	</template>
	<system>p1 = pump(10,60);
p2 = pump(10,60);
p3 = pump(10,60);
p4 = pump(10,60);
p5 = pump(10,60);
system p1, p2, p3, p4, p5, fabric;
</system>
	<queries>
		<query>
			<formula>simulate 1 [t&lt;=TIME] {ss}</formula>
			<comment></comment>
		</query>
		<query>
			<formula>simulate 1 [t&lt;=TIME] {fabric.cost+p1.cost+p2.cost+p3.cost+p4.cost+p5.cost}
</formula>
			<comment></comment>
		</query>
		<query>
			<formula>simulate 1 [t&lt;=TIME] {p1.cost, p2.cost, p3.cost, p4.cost, p5.cost}
</formula>
			<comment></comment>
		</query>
		<query>
			<formula>simulate 1 [t&lt;=TIME] { fabric.Running }</formula>
			<comment></comment>
		</query>
		<query>
			<formula>simulate 1 [t&lt;=TIME] { p1.NFunc}</formula>
			<comment></comment>
		</query>
		<query>
			<formula>E[#&lt;=TIME ;100](max:fabric.cost+p1.cost+p2.cost+p3.cost+p4.cost+p5.cost)</formula>
			<comment></comment>
		</query>
		<query>
			<formula>A[] not deadlock
			</formula>
			<comment>
			</comment>
		</query>
	</queries>
</nta>
