<?xml version="1.0" encoding="utf-8"?>
<!DOCTYPE nta PUBLIC '-//Uppaal Team//DTD Flat System 1.1//EN' 'http://www.it.uu.se/research/group/darts/uppaal/flat-1_2.dtd'>
<nta>
	<declaration>const double PI = 3.14159265358979323846;
broadcast chan cLogn, cWeib, cUnif, cNorm;

double runif() {
    return random(1.0);
}

double rnorm(double mean, double standardDeviation){
    double r = sqrt(-2.0*ln(random(1.0)));
    double theta = 2.0*PI*random(1.0);
    return mean + standardDeviation*r*cos(theta);
}

double rlnorm(double mu, double sigma) {
    double m = ln(pow(mu,2)/sqrt(sigma + pow(mu,2)));
    double s = sqrt(ln(sigma/(pow(mu,2))+1));
    double r = exp(rnorm(m,s));
    return r;  
}

double rweibull(double scale, double shape) {
    double a = pow(shape,-1);
    double b = -ln(runif());
    double r = scale*pow(b,a);
    return r;
}
</declaration>
	<template>
		<name x="5" y="5">uniforme</name>
		<declaration>hybrid clock delay;
clock x;

</declaration>
		<location id="id0" x="102" y="0">
			<name x="85" y="-25">C</name>
			<label kind="invariant" x="92" y="17">delay'==0</label>
		</location>
		<location id="id1" x="0" y="0">
			<name x="-17" y="-25">B</name>
			<label kind="invariant" x="-34" y="17">x&lt;=delay &amp;&amp;
delay'==0</label>
		</location>
		<location id="id2" x="-127" y="0">
			<name x="-144" y="-25">A</name>
			<committed/>
		</location>
		<init ref="id2"/>
		<transition>
			<source ref="id1"/>
			<target ref="id0"/>
			<label kind="guard" x="17" y="0">x==delay</label>
			<label kind="synchronisation" x="17" y="-17">cUnif!</label>
		</transition>
		<transition>
			<source ref="id2"/>
			<target ref="id1"/>
			<label kind="assignment" x="-110" y="-17">delay=runif(),
x=0</label>
		</transition>
	</template>
	<template>
		<name x="5" y="5">normal</name>
		<declaration>hybrid clock delay;
clock x;

</declaration>
		<location id="id3" x="102" y="0">
			<name x="85" y="-25">C</name>
			<label kind="invariant" x="92" y="17">delay'==0</label>
		</location>
		<location id="id4" x="0" y="0">
			<name x="-17" y="-25">B</name>
			<label kind="invariant" x="-34" y="17">x&lt;=delay &amp;&amp;
delay'==0</label>
		</location>
		<location id="id5" x="-187" y="0">
			<name x="-204" y="-25">A</name>
			<committed/>
		</location>
		<init ref="id5"/>
		<transition>
			<source ref="id4"/>
			<target ref="id3"/>
			<label kind="guard" x="17" y="0">x==delay</label>
			<label kind="synchronisation" x="17" y="-17">cNorm!</label>
		</transition>
		<transition>
			<source ref="id5"/>
			<target ref="id4"/>
			<label kind="assignment" x="-170" y="-17">delay=rnorm(10.0, 1.0),
x=0</label>
		</transition>
	</template>
	<template>
		<name x="5" y="5">lognormal</name>
		<declaration>hybrid clock delay;
clock x;

</declaration>
		<location id="id6" x="102" y="0">
			<name x="85" y="-25">C</name>
			<label kind="invariant" x="92" y="17">delay'==0</label>
		</location>
		<location id="id7" x="0" y="0">
			<name x="-17" y="-25">B</name>
			<label kind="invariant" x="-34" y="17">x&lt;=delay &amp;&amp;
delay'==0</label>
		</location>
		<location id="id8" x="-178" y="0">
			<name x="-197" y="-25">A</name>
			<committed/>
		</location>
		<init ref="id8"/>
		<transition>
			<source ref="id7"/>
			<target ref="id6"/>
			<label kind="guard" x="17" y="0">x==delay</label>
			<label kind="synchronisation" x="17" y="-17">cNorm!</label>
		</transition>
		<transition>
			<source ref="id8"/>
			<target ref="id7"/>
			<label kind="assignment" x="-161" y="-17">delay=rlnorm(2.0, 2.0),
x=0</label>
		</transition>
	</template>
	<template>
		<name x="5" y="5">weibull</name>
		<declaration>hybrid clock delay;
clock x;

</declaration>
		<location id="id9" x="102" y="0">
			<name x="85" y="-25">C</name>
			<label kind="invariant" x="76" y="17">delay'==0</label>
		</location>
		<location id="id10" x="0" y="0">
			<name x="-17" y="-25">B</name>
			<label kind="invariant" x="-34" y="17">x&lt;=delay &amp;&amp;
delay'==0</label>
		</location>
		<location id="id11" x="-204" y="0">
			<name x="-221" y="-25">A</name>
			<committed/>
		</location>
		<init ref="id11"/>
		<transition>
			<source ref="id10"/>
			<target ref="id9"/>
			<label kind="guard" x="17" y="0">x==delay</label>
			<label kind="synchronisation" x="17" y="-17">cNorm!</label>
		</transition>
		<transition>
			<source ref="id11"/>
			<target ref="id10"/>
			<label kind="assignment" x="-187" y="-17">delay=rweibull(0.8, 100.0),
x=0</label>
		</transition>
	</template>
	<system>system uniforme, normal, lognormal, weibull;
</system>
	<queries>
		<query>
			<formula>Pr[&lt;=1](&lt;&gt; uniforme.C)</formula>
			<comment>Options -&gt; Statistical Parameters -&gt; Probability Uncertainty -&gt; 1e-4</comment>
		</query>
		<query>
			<formula>Pr[&lt;=15](&lt;&gt; normal.C)</formula>
			<comment>Options -&gt; Statistical Parameters -&gt; Probability Uncertainty -&gt; 1e-4</comment>
		</query>
		<query>
			<formula>Pr[&lt;=12](&lt;&gt; lognormal.C)</formula>
			<comment>Options -&gt; Statistical Parameters -&gt; Probability Uncertainty -&gt; 1e-4</comment>
		</query>
		<query>
			<formula>Pr[&lt;=1](&lt;&gt; weibull.C)</formula>
			<comment>Options -&gt; Statistical Parameters -&gt; Probability Uncertainty -&gt; 1e-4</comment>
		</query>
	</queries>
</nta>
